LGAid;Url
40070;http://dl.dropboxusercontent.com/u/31349811/LGA/40070.html
40120;http://dl.dropboxusercontent.com/u/31349811/LGA/40120.html
40220;http://dl.dropboxusercontent.com/u/31349811/LGA/40220.html
40250;http://dl.dropboxusercontent.com/u/31349811/LGA/40250.html
40310;http://dl.dropboxusercontent.com/u/31349811/LGA/40310.html
40430;http://dl.dropboxusercontent.com/u/31349811/LGA/40430.html
40520;http://dl.dropboxusercontent.com/u/31349811/LGA/40520.html
40700;http://dl.dropboxusercontent.com/u/31349811/LGA/40700.html
40910;http://dl.dropboxusercontent.com/u/31349811/LGA/40910.html
41010;http://dl.dropboxusercontent.com/u/31349811/LGA/41010.html
41060;http://dl.dropboxusercontent.com/u/31349811/LGA/41060.html
41140;http://dl.dropboxusercontent.com/u/31349811/LGA/41140.html
41190;http://dl.dropboxusercontent.com/u/31349811/LGA/41190.html
41330;http://dl.dropboxusercontent.com/u/31349811/LGA/41330.html
41560;http://dl.dropboxusercontent.com/u/31349811/LGA/41560.html
41750;http://dl.dropboxusercontent.com/u/31349811/LGA/41750.html
41830;http://dl.dropboxusercontent.com/u/31349811/LGA/41830.html
41960;http://dl.dropboxusercontent.com/u/31349811/LGA/41960.html
42030;http://dl.dropboxusercontent.com/u/31349811/LGA/42030.html
42110;http://dl.dropboxusercontent.com/u/31349811/LGA/42110.html
42250;http://dl.dropboxusercontent.com/u/31349811/LGA/42250.html
42600;http://dl.dropboxusercontent.com/u/31349811/LGA/42600.html
42750;http://dl.dropboxusercontent.com/u/31349811/LGA/42750.html
43080;http://dl.dropboxusercontent.com/u/31349811/LGA/43080.html
43220;http://dl.dropboxusercontent.com/u/31349811/LGA/43220.html
43360;http://dl.dropboxusercontent.com/u/31349811/LGA/43360.html
43650;http://dl.dropboxusercontent.com/u/31349811/LGA/43650.html
43710;http://dl.dropboxusercontent.com/u/31349811/LGA/43710.html
43790;http://dl.dropboxusercontent.com/u/31349811/LGA/43790.html
43920;http://dl.dropboxusercontent.com/u/31349811/LGA/43920.html
44000;http://dl.dropboxusercontent.com/u/31349811/LGA/44000.html
44060;http://dl.dropboxusercontent.com/u/31349811/LGA/44060.html
44210;http://dl.dropboxusercontent.com/u/31349811/LGA/44210.html
44340;http://dl.dropboxusercontent.com/u/31349811/LGA/44340.html
44550;http://dl.dropboxusercontent.com/u/31349811/LGA/44550.html
44620;http://dl.dropboxusercontent.com/u/31349811/LGA/44620.html
44830;http://dl.dropboxusercontent.com/u/31349811/LGA/44830.html
45040;http://dl.dropboxusercontent.com/u/31349811/LGA/45040.html
45090;http://dl.dropboxusercontent.com/u/31349811/LGA/45090.html
45120;http://dl.dropboxusercontent.com/u/31349811/LGA/45120.html
45290;http://dl.dropboxusercontent.com/u/31349811/LGA/45290.html
45340;http://dl.dropboxusercontent.com/u/31349811/LGA/45340.html
45400;http://dl.dropboxusercontent.com/u/31349811/LGA/45400.html
45540;http://dl.dropboxusercontent.com/u/31349811/LGA/45540.html
45680;http://dl.dropboxusercontent.com/u/31349811/LGA/45680.html
45890;http://dl.dropboxusercontent.com/u/31349811/LGA/45890.html
46090;http://dl.dropboxusercontent.com/u/31349811/LGA/46090.html
46300;http://dl.dropboxusercontent.com/u/31349811/LGA/46300.html
46450;http://dl.dropboxusercontent.com/u/31349811/LGA/46450.html
46510;http://dl.dropboxusercontent.com/u/31349811/LGA/46510.html
46670;http://dl.dropboxusercontent.com/u/31349811/LGA/46670.html
46860;http://dl.dropboxusercontent.com/u/31349811/LGA/46860.html
46970;http://dl.dropboxusercontent.com/u/31349811/LGA/46970.html
47140;http://dl.dropboxusercontent.com/u/31349811/LGA/47140.html
47290;http://dl.dropboxusercontent.com/u/31349811/LGA/47290.html
47490;http://dl.dropboxusercontent.com/u/31349811/LGA/47490.html
47630;http://dl.dropboxusercontent.com/u/31349811/LGA/47630.html
47700;http://dl.dropboxusercontent.com/u/31349811/LGA/47700.html
47800;http://dl.dropboxusercontent.com/u/31349811/LGA/47800.html
47910;http://dl.dropboxusercontent.com/u/31349811/LGA/47910.html
47980;http://dl.dropboxusercontent.com/u/31349811/LGA/47980.html
48050;http://dl.dropboxusercontent.com/u/31349811/LGA/48050.html
48130;http://dl.dropboxusercontent.com/u/31349811/LGA/48130.html
48260;http://dl.dropboxusercontent.com/u/31349811/LGA/48260.html
48340;http://dl.dropboxusercontent.com/u/31349811/LGA/48340.html
48410;http://dl.dropboxusercontent.com/u/31349811/LGA/48410.html
48540;http://dl.dropboxusercontent.com/u/31349811/LGA/48540.html
48640;http://dl.dropboxusercontent.com/u/31349811/LGA/48640.html
48750;http://dl.dropboxusercontent.com/u/31349811/LGA/48750.html
48830;http://dl.dropboxusercontent.com/u/31349811/LGA/48830.html
49399;http://dl.dropboxusercontent.com/u/31349811/LGA/49399.html
